{
	"info": {
		"_postman_id": "3ad48841-83ac-4225-b41f-b87297cd7875",
		"name": "UseCaseCoworkingSpaceReservation",
		"schema": "https://schema.getpostman.com/json/collection/v2.1.0/collection.json",
		"_exporter_id": "29523743"
	},
	"item": [
		{
			"name": "Admin Registration + Validation Check",
			"event": [
				{
					"listen": "test",
					"script": {
						"exec": [
							"var requestBody = JSON.parse(pm.request.body.raw);\r",
							"var adminEmail = requestBody.email;\r",
							"var adminPassword = requestBody.password;\r",
							"pm.environment.set(\"ADMIN_EMAIL\", adminEmail);\r",
							"pm.environment.set(\"ADMIN_PASSWORD\",adminPassword);\r",
							"pm.environment.set(\"TOKEN\", pm.response.json().token);\r",
							"\r",
							"pm.test(\"Status code is 200\", function () {\r",
							"    pm.response.to.have.status(200);\r",
							"});\r",
							"\r",
							"const response = pm.response.json();\r",
							"console.log(\"request : \");\r",
							"console.log(JSON.parse(pm.request.body.raw));\r",
							"console.log(\"response : \");\r",
							"console.log(response);\r",
							"\r",
							"postman.setNextRequest(\"Admin Log-in1\");"
						],
						"type": "text/javascript"
					}
				}
			],
			"request": {
				"method": "POST",
				"header": [],
				"body": {
					"mode": "raw",
					"raw": "{\r\n    \"name\":\"adminname\",\r\n    \"email\":\"{{$randomFirstName}}@gmail.com\",\r\n    \"password\":\"{{$randomPassword}}\",\r\n    \"role\":\"admin\",\r\n    \"telephone_number\":\"069-478-cdcdc\"\r\n}",
					"options": {
						"raw": {
							"language": "json"
						}
					}
				},
				"url": {
					"raw": "{{URL}}/api/v1/auth/register",
					"host": [
						"{{URL}}"
					],
					"path": [
						"api",
						"v1",
						"auth",
						"register"
					]
				}
			},
			"response": []
		},
		{
			"name": "Admin Log-in1",
			"event": [
				{
					"listen": "test",
					"script": {
						"exec": [
							"pm.environment.set(\"TOKEN\",pm.response.json().token)\r",
							"\r",
							"pm.test(\"Status code is 200\", function () {\r",
							"    pm.response.to.have.status(200);\r",
							"});\r",
							"const response = pm.response.json();\r",
							"\r",
							"console.log(JSON.parse(pm.request.body.raw));\r",
							"console.log(response);\r",
							"\r",
							"\r",
							"postman.setNextRequest(\"Admin Create Coworkingspace1\");"
						],
						"type": "text/javascript"
					}
				}
			],
			"request": {
				"method": "POST",
				"header": [],
				"body": {
					"mode": "raw",
					"raw": "{\r\n    \"email\": \"{{ADMIN_EMAIL}}\",\r\n    \"password\" : \"{{ADMIN_PASSWORD}}\"\r\n}",
					"options": {
						"raw": {
							"language": "json"
						}
					}
				},
				"url": {
					"raw": "{{URL}}/api/v1/auth/login",
					"host": [
						"{{URL}}"
					],
					"path": [
						"api",
						"v1",
						"auth",
						"login"
					]
				}
			},
			"response": []
		},
		{
			"name": "Admin Create Coworkingspace1",
			"event": [
				{
					"listen": "test",
					"script": {
						"exec": [
							"pm.test(\"Status code is 200\", function () {\r",
							"    pm.response.to.have.status(201);\r",
							"});\r",
							"\r",
							"pm.environment.set(\"COWORKINGSPACE1\",pm.response.json().data._id)\r",
							"\r",
							"const response = pm.response.json();\r",
							"\r",
							"console.log(JSON.parse(pm.request.body.raw));\r",
							"console.log(response);\r",
							"\r",
							"\r",
							"postman.setNextRequest(\"Admin Create Coworkingspace2\");"
						],
						"type": "text/javascript"
					}
				}
			],
			"request": {
				"auth": {
					"type": "bearer",
					"bearer": [
						{
							"key": "token",
							"value": "{{TOKEN}}",
							"type": "string"
						}
					]
				},
				"method": "POST",
				"header": [],
				"body": {
					"mode": "raw",
					"raw": "{\r\n\"name\":\"{{$randomFullName}}\",\r\n\"address\":\"ถนนอำเภอ เมือง\",\r\n\"district\":\"เมือง\",\r\n\"province\":\"นครราชสีมา\",\r\n\"postalcode\":\"55555\",\r\n\"telephone_number\":\"012-345-6789\",\r\n\"opentime\":\"20:00\",\r\n\"closetime\":\"05:00\"\r\n}",
					"options": {
						"raw": {
							"language": "json"
						}
					}
				},
				"url": {
					"raw": "{{URL}}/api/v1/coworkingspaces",
					"host": [
						"{{URL}}"
					],
					"path": [
						"api",
						"v1",
						"coworkingspaces"
					]
				}
			},
			"response": []
		},
		{
			"name": "Admin Create Coworkingspace2",
			"event": [
				{
					"listen": "test",
					"script": {
						"exec": [
							"pm.test(\"Status code is 200\", function () {\r",
							"    pm.response.to.have.status(201);\r",
							"});\r",
							"\r",
							"pm.environment.set(\"COWORKINGSPACE2\",pm.response.json().data._id)\r",
							"\r",
							"const response = pm.response.json();\r",
							"\r",
							"console.log(JSON.parse(pm.request.body.raw));\r",
							"console.log(response);\r",
							"\r",
							"\r",
							"postman.setNextRequest(\"Admin Log-out\");"
						],
						"type": "text/javascript"
					}
				}
			],
			"request": {
				"auth": {
					"type": "bearer",
					"bearer": [
						{
							"key": "token",
							"value": "{{TOKEN}}",
							"type": "string"
						}
					]
				},
				"method": "POST",
				"header": [],
				"body": {
					"mode": "raw",
					"raw": "{\r\n\"name\":\"{{$randomFullName}}\",\r\n\"address\":\"ถนนอำเภอ เมือง\",\r\n\"district\":\"เมือง\",\r\n\"province\":\"ปทุมธานี\",\r\n\"postalcode\":\"55555\",\r\n\"telephone_number\":\"012-345-6789\",\r\n\"opentime\":\"06:00\",\r\n\"closetime\":\"17:00\"\r\n}",
					"options": {
						"raw": {
							"language": "json"
						}
					}
				},
				"url": {
					"raw": "{{URL}}/api/v1/coworkingspaces",
					"host": [
						"{{URL}}"
					],
					"path": [
						"api",
						"v1",
						"coworkingspaces"
					]
				}
			},
			"response": []
		},
		{
			"name": "Admin Log-out",
			"event": [
				{
					"listen": "test",
					"script": {
						"exec": [
							"pm.environment.set(\"TOKEN\",null)\r",
							"\r",
							"pm.test(\"Status code is 200\", function () {\r",
							"    pm.response.to.have.status(200);\r",
							"});\r",
							"\r",
							"\r",
							"postman.setNextRequest(\"User Registration + Validation Check\");"
						],
						"type": "text/javascript"
					}
				}
			],
			"request": {
				"auth": {
					"type": "bearer",
					"bearer": [
						{
							"key": "token",
							"value": "{{TOKEN}}",
							"type": "string"
						}
					]
				},
				"method": "GET",
				"header": [],
				"url": {
					"raw": "{{URL}}/api/v1/auth/logout",
					"host": [
						"{{URL}}"
					],
					"path": [
						"api",
						"v1",
						"auth",
						"logout"
					]
				}
			},
			"response": []
		},
		{
			"name": "User Registration + Validation Check",
			"event": [
				{
					"listen": "test",
					"script": {
						"exec": [
							"var requestBody = JSON.parse(pm.request.body.raw);\r",
							"var userEmail = requestBody.email;\r",
							"var userPassword = requestBody.password;\r",
							"const response = pm.response.json();\r",
							"pm.environment.set(\"USER_EMAIL\", userEmail);\r",
							"pm.environment.set(\"USER_PASSWORD\",userPassword);\r",
							"pm.environment.set(\"TOKEN\", pm.response.json().token);\r",
							"\r",
							"console.log(JSON.parse(pm.request.body.raw));\r",
							"console.log(response);\r",
							"pm.test(\"Status code is 200\", function () {\r",
							"    pm.response.to.have.status(200);\r",
							"});\r",
							"\r",
							"postman.setNextRequest(\"User Log-in\");\r",
							""
						],
						"type": "text/javascript"
					}
				}
			],
			"request": {
				"method": "POST",
				"header": [
					{
						"key": "Content-Type",
						"value": "application/json",
						"description": "JSON Type",
						"type": "text"
					}
				],
				"body": {
					"mode": "raw",
					"raw": "{\r\n    \"name\":\"username\",\r\n    \"email\":\"{{$randomFirstName}}@gmail.com\",\r\n    \"password\":\"{{$randomPassword}}\",\r\n    \"telephone_number\":\"069-478-1116\",\r\n    \"role\":\"user\"\r\n}",
					"options": {
						"raw": {
							"language": "json"
						}
					}
				},
				"url": {
					"raw": "{{URL}}/api/v1/auth/register",
					"host": [
						"{{URL}}"
					],
					"path": [
						"api",
						"v1",
						"auth",
						"register"
					]
				}
			},
			"response": []
		},
		{
			"name": "User Log-in",
			"event": [
				{
					"listen": "test",
					"script": {
						"exec": [
							"pm.environment.set(\"TOKEN\",pm.response.json().token)\r",
							"\r",
							"pm.test(\"Status code is 200\", function () {\r",
							"    pm.response.to.have.status(200);\r",
							"});\r",
							"const response = pm.response.json();\r",
							"\r",
							"console.log(JSON.parse(pm.request.body.raw));\r",
							"console.log(response);\r",
							"\r",
							"postman.setNextRequest(\"Get Logged in User with Token\");"
						],
						"type": "text/javascript"
					}
				}
			],
			"request": {
				"method": "POST",
				"header": [],
				"body": {
					"mode": "raw",
					"raw": "{\r\n    \"email\": \"{{USER_EMAIL}}\",\r\n    \"password\" : \"{{USER_PASSWORD}}\"\r\n}",
					"options": {
						"raw": {
							"language": "json"
						}
					}
				},
				"url": {
					"raw": "{{URL}}/api/v1/auth/login",
					"host": [
						"{{URL}}"
					],
					"path": [
						"api",
						"v1",
						"auth",
						"login"
					]
				}
			},
			"response": []
		},
		{
			"name": "Get Logged in User with Token",
			"event": [
				{
					"listen": "test",
					"script": {
						"exec": [
							"pm.test(\"Status code is 200\", function () {\r",
							"    pm.response.to.have.status(200);\r",
							"});\r",
							"\r",
							"const response = pm.response.json();\r",
							"\r",
							"console.log(response);\r",
							"\r",
							"postman.setNextRequest(\"User View Coworkingspaces\");"
						],
						"type": "text/javascript"
					}
				}
			],
			"request": {
				"auth": {
					"type": "bearer",
					"bearer": [
						{
							"key": "token",
							"value": "{{TOKEN}}",
							"type": "string"
						}
					]
				},
				"method": "GET",
				"header": [],
				"url": {
					"raw": "{{URL}}/api/v1/auth/me",
					"host": [
						"{{URL}}"
					],
					"path": [
						"api",
						"v1",
						"auth",
						"me"
					]
				}
			},
			"response": []
		},
		{
			"name": "User View Coworkingspaces",
			"event": [
				{
					"listen": "test",
					"script": {
						"exec": [
							"pm.test(\"Status code is 200\", function () {\r",
							"    pm.response.to.have.status(200);\r",
							"});\r",
							"\r",
							"const response = pm.response.json();\r",
							"\r",
							"console.log(response);\r",
							"\r",
							"pm.test(\"There are some Coworkingspaces!!\",()=>{\r",
							"    pm.expect(response.count).to.be.above(0);\r",
							"});\r",
							"\r",
							"postman.setNextRequest(\"User Create Reservation\");"
						],
						"type": "text/javascript"
					}
				}
			],
			"request": {
				"method": "GET",
				"header": [],
				"url": {
					"raw": "{{URL}}/api/v1/coworkingspaces/",
					"host": [
						"{{URL}}"
					],
					"path": [
						"api",
						"v1",
						"coworkingspaces",
						""
					]
				}
			},
			"response": []
		},
		{
			"name": "User Create Reservation",
			"event": [
				{
					"listen": "test",
					"script": {
						"exec": [
							"pm.test(\"Status code is 200\", function () {\r",
							"    pm.response.to.have.status(200);\r",
							"});\r",
							"\r",
							"pm.environment.set(\"USER_RESERVATION1\",pm.response.json().data._id)\r",
							"\r",
							"const response = pm.response.json();\r",
							"\r",
							"console.log(JSON.parse(pm.request.body.raw));\r",
							"console.log(response);\r",
							"\r",
							"postman.setNextRequest(\"User Create Reservation2\");"
						],
						"type": "text/javascript"
					}
				}
			],
			"request": {
				"auth": {
					"type": "bearer",
					"bearer": [
						{
							"key": "token",
							"value": "{{TOKEN}}",
							"type": "string"
						}
					]
				},
				"method": "POST",
				"header": [
					{
						"key": "Content-Type",
						"value": "application/json",
						"description": "JSON Type",
						"type": "text"
					}
				],
				"body": {
					"mode": "raw",
					"raw": "{\r\n    \"reservationDate\":\"2021-10-02T17:00:00.000Z\",\r\n    \"timereservation\":\"23:00-01:00\"\r\n}",
					"options": {
						"raw": {
							"language": "json"
						}
					}
				},
				"url": {
					"raw": "{{URL}}/api/v1/coworkingspaces/:coworkingspace_ID/reservations/",
					"host": [
						"{{URL}}"
					],
					"path": [
						"api",
						"v1",
						"coworkingspaces",
						":coworkingspace_ID",
						"reservations",
						""
					],
					"variable": [
						{
							"key": "coworkingspace_ID",
							"value": "{{COWORKINGSPACE1}}"
						}
					]
				}
			},
			"response": []
		},
		{
			"name": "User Create Reservation2",
			"event": [
				{
					"listen": "test",
					"script": {
						"exec": [
							"pm.test(\"Status code is 200\", function () {\r",
							"    pm.response.to.have.status(200);\r",
							"});\r",
							"\r",
							"pm.environment.set(\"USER_RESERVATION2\",pm.response.json().data._id)\r",
							"\r",
							"const response = pm.response.json();\r",
							"\r",
							"console.log(JSON.parse(pm.request.body.raw));\r",
							"console.log(response);\r",
							"\r",
							"postman.setNextRequest(\"User Create Reservation(wrong time range condition1)\");"
						],
						"type": "text/javascript"
					}
				}
			],
			"request": {
				"auth": {
					"type": "bearer",
					"bearer": [
						{
							"key": "token",
							"value": "{{TOKEN}}",
							"type": "string"
						}
					]
				},
				"method": "POST",
				"header": [],
				"body": {
					"mode": "raw",
					"raw": "{\r\n    \"reservationDate\":\"2021-10-02T17:00:00.000Z\",\r\n    \"timereservation\":\"06:00-08:00\"\r\n}",
					"options": {
						"raw": {
							"language": "json"
						}
					}
				},
				"url": {
					"raw": "{{URL}}/api/v1/coworkingspaces/:coworkingspace_ID/reservations/",
					"host": [
						"{{URL}}"
					],
					"path": [
						"api",
						"v1",
						"coworkingspaces",
						":coworkingspace_ID",
						"reservations",
						""
					],
					"variable": [
						{
							"key": "coworkingspace_ID",
							"value": "{{COWORKINGSPACE2}}"
						}
					]
				}
			},
			"response": []
		},
		{
			"name": "User Create Reservation(wrong time range condition1)",
			"event": [
				{
					"listen": "test",
					"script": {
						"exec": [
							"pm.test(\"Status code is 200\", function () {\r",
							"    pm.response.to.have.status(400);\r",
							"});\r",
							"\r",
							"\r",
							"const response = pm.response.json();\r",
							"\r",
							"console.log(JSON.parse(pm.request.body.raw));\r",
							"console.log(response);\r",
							"\r",
							"postman.setNextRequest(\"User Create Reservation(wrong time range condition2)\");"
						],
						"type": "text/javascript"
					}
				}
			],
			"request": {
				"auth": {
					"type": "bearer",
					"bearer": [
						{
							"key": "token",
							"value": "{{TOKEN}}",
							"type": "string"
						}
					]
				},
				"method": "POST",
				"header": [],
				"body": {
					"mode": "raw",
					"raw": "{\r\n    \"reservationDate\":\"2021-10-02T17:00:00.000Z\",\r\n    \"timereservation\":\"22:00-01:00\"\r\n}",
					"options": {
						"raw": {
							"language": "json"
						}
					}
				},
				"url": {
					"raw": "{{URL}}/api/v1/coworkingspaces/:coworkingspace_ID/reservations/",
					"host": [
						"{{URL}}"
					],
					"path": [
						"api",
						"v1",
						"coworkingspaces",
						":coworkingspace_ID",
						"reservations",
						""
					],
					"variable": [
						{
							"key": "coworkingspace_ID",
							"value": "{{COWORKINGSPACE2}}"
						}
					]
				}
			},
			"response": []
		},
		{
			"name": "User Create Reservation(wrong time range condition2)",
			"event": [
				{
					"listen": "test",
					"script": {
						"exec": [
							"pm.test(\"Status code is 200\", function () {\r",
							"    pm.response.to.have.status(400);\r",
							"});\r",
							"\r",
							"\r",
							"const response = pm.response.json();\r",
							"\r",
							"console.log(JSON.parse(pm.request.body.raw));\r",
							"console.log(response);\r",
							"\r",
							"postman.setNextRequest(\"User Create Reservation(wrong 3 hours condition)\");"
						],
						"type": "text/javascript"
					}
				}
			],
			"request": {
				"auth": {
					"type": "bearer",
					"bearer": [
						{
							"key": "token",
							"value": "{{TOKEN}}",
							"type": "string"
						}
					]
				},
				"method": "POST",
				"header": [],
				"body": {
					"mode": "raw",
					"raw": "{\r\n    \"reservationDate\":\"2021-10-02T17:00:00.000Z\",\r\n    \"timereservation\":\"19:00-22:00\"\r\n}",
					"options": {
						"raw": {
							"language": "json"
						}
					}
				},
				"url": {
					"raw": "{{URL}}/api/v1/coworkingspaces/:coworkingspace_ID/reservations/",
					"host": [
						"{{URL}}"
					],
					"path": [
						"api",
						"v1",
						"coworkingspaces",
						":coworkingspace_ID",
						"reservations",
						""
					],
					"variable": [
						{
							"key": "coworkingspace_ID",
							"value": "{{COWORKINGSPACE1}}"
						}
					]
				}
			},
			"response": []
		},
		{
			"name": "User Create Reservation(wrong 3 hours condition)",
			"event": [
				{
					"listen": "test",
					"script": {
						"exec": [
							"pm.test(\"Status code is 200\", function () {\r",
							"    pm.response.to.have.status(400);\r",
							"});\r",
							"\r",
							"const response = pm.response.json();\r",
							"\r",
							"console.log(JSON.parse(pm.request.body.raw));\r",
							"console.log(response);\r",
							"\r",
							"postman.setNextRequest(\"User Create Reservation3\");"
						],
						"type": "text/javascript"
					}
				}
			],
			"request": {
				"auth": {
					"type": "bearer",
					"bearer": [
						{
							"key": "token",
							"value": "{{TOKEN}}",
							"type": "string"
						}
					]
				},
				"method": "POST",
				"header": [],
				"body": {
					"mode": "raw",
					"raw": "{\r\n    \"reservationDate\":\"2021-10-02T17:00:00.000Z\",\r\n    \"timereservation\":\"06:00-10:00\"\r\n}",
					"options": {
						"raw": {
							"language": "json"
						}
					}
				},
				"url": {
					"raw": "{{URL}}/api/v1/coworkingspaces/:coworkingspace_ID/reservations/",
					"host": [
						"{{URL}}"
					],
					"path": [
						"api",
						"v1",
						"coworkingspaces",
						":coworkingspace_ID",
						"reservations",
						""
					],
					"variable": [
						{
							"key": "coworkingspace_ID",
							"value": "{{COWORKINGSPACE2}}"
						}
					]
				}
			},
			"response": []
		},
		{
			"name": "User Create Reservation3",
			"event": [
				{
					"listen": "test",
					"script": {
						"exec": [
							"pm.test(\"Status code is 200\", function () {\r",
							"    pm.response.to.have.status(200);\r",
							"});\r",
							"\r",
							"\r",
							"const response = pm.response.json();\r",
							"\r",
							"console.log(JSON.parse(pm.request.body.raw));\r",
							"console.log(response);\r",
							"\r",
							"postman.setNextRequest(\"User Create Reservation(less than 3 reservation condition)\");"
						],
						"type": "text/javascript"
					}
				}
			],
			"request": {
				"auth": {
					"type": "bearer",
					"bearer": [
						{
							"key": "token",
							"value": "{{TOKEN}}",
							"type": "string"
						}
					]
				},
				"method": "POST",
				"header": [],
				"body": {
					"mode": "raw",
					"raw": "{\r\n    \"reservationDate\":\"2021-10-02T17:00:00.000Z\",\r\n    \"timereservation\":\"10:00-12:00\"\r\n}",
					"options": {
						"raw": {
							"language": "json"
						}
					}
				},
				"url": {
					"raw": "{{URL}}/api/v1/coworkingspaces/:coworkingspace_ID/reservations/",
					"host": [
						"{{URL}}"
					],
					"path": [
						"api",
						"v1",
						"coworkingspaces",
						":coworkingspace_ID",
						"reservations",
						""
					],
					"variable": [
						{
							"key": "coworkingspace_ID",
							"value": "{{COWORKINGSPACE2}}"
						}
					]
				}
			},
			"response": []
		},
		{
			"name": "User Create Reservation(less than 3 reservation condition)",
			"event": [
				{
					"listen": "test",
					"script": {
						"exec": [
							"pm.test(\"Status code is 200\", function () {\r",
							"    pm.response.to.have.status(400);\r",
							"});\r",
							"\r",
							"\r",
							"const response = pm.response.json();\r",
							"\r",
							"console.log(JSON.parse(pm.request.body.raw));\r",
							"console.log(response);\r",
							"\r",
							"postman.setNextRequest(\"User View Own Reservation\");"
						],
						"type": "text/javascript"
					}
				}
			],
			"request": {
				"auth": {
					"type": "bearer",
					"bearer": [
						{
							"key": "token",
							"value": "{{TOKEN}}",
							"type": "string"
						}
					]
				},
				"method": "POST",
				"header": [],
				"body": {
					"mode": "raw",
					"raw": "{\r\n    \"reservationDate\":\"2021-10-02T17:00:00.000Z\",\r\n    \"timereservation\":\"12:00-13:00\"\r\n}",
					"options": {
						"raw": {
							"language": "json"
						}
					}
				},
				"url": {
					"raw": "{{URL}}/api/v1/coworkingspaces/:coworkingspace_ID/reservations/",
					"host": [
						"{{URL}}"
					],
					"path": [
						"api",
						"v1",
						"coworkingspaces",
						":coworkingspace_ID",
						"reservations",
						""
					],
					"variable": [
						{
							"key": "coworkingspace_ID",
							"value": "{{COWORKINGSPACE1}}"
						}
					]
				}
			},
			"response": []
		},
		{
			"name": "User View Own Reservation",
			"event": [
				{
					"listen": "test",
					"script": {
						"exec": [
							"pm.test(\"Status code is 200\", function () {\r",
							"    pm.response.to.have.status(200);\r",
							"});\r",
							"\r",
							"const response = pm.response.json();\r",
							"const new_coworkingspace_id = response.data.id;\r",
							"\r",
							"\r",
							"console.log(response);\r",
							"\r",
							"pm.globals.set(\"global_coworkingspace_ID\",new_coworkingspace_id);\r",
							"\r",
							"\r",
							"postman.setNextRequest(\"User View Single Reservation\");"
						],
						"type": "text/javascript"
					}
				}
			],
			"request": {
				"auth": {
					"type": "bearer",
					"bearer": [
						{
							"key": "token",
							"value": "{{TOKEN}}",
							"type": "string"
						}
					]
				},
				"method": "GET",
				"header": [],
				"url": {
					"raw": "{{URL}}/api/v1/reservations",
					"host": [
						"{{URL}}"
					],
					"path": [
						"api",
						"v1",
						"reservations"
					]
				}
			},
			"response": []
		},
		{
			"name": "User View Single Reservation",
			"event": [
				{
					"listen": "test",
					"script": {
						"exec": [
							"pm.test(\"Status code is 200\", function () {\r",
							"    pm.response.to.have.status(200);\r",
							"});\r",
							"\r",
							"const response = pm.response.json();\r",
							"\r",
							"console.log(response);\r",
							"\r",
							"postman.setNextRequest(\"User Edit Own Reservation\");"
						],
						"type": "text/javascript"
					}
				}
			],
			"request": {
				"auth": {
					"type": "bearer",
					"bearer": [
						{
							"key": "token",
							"value": "{{TOKEN}}",
							"type": "string"
						}
					]
				},
				"method": "GET",
				"header": [],
				"url": {
					"raw": "{{URL}}/api/v1/reservations/:reservation_ID",
					"host": [
						"{{URL}}"
					],
					"path": [
						"api",
						"v1",
						"reservations",
						":reservation_ID"
					],
					"variable": [
						{
							"key": "reservation_ID",
							"value": "{{USER_RESERVATION1}}"
						}
					]
				}
			},
			"response": []
		},
		{
			"name": "User Edit Own Reservation",
			"event": [
				{
					"listen": "test",
					"script": {
						"exec": [
							"pm.test(\"Status code is 200\", function () {\r",
							"    pm.response.to.have.status(200);\r",
							"});\r",
							"\r",
							"const response = pm.response.json();\r",
							"const new_coworkingspace_id = response.data.id;\r",
							"const coworkingspace2 = pm.environment.get(\"COWORKINGSPACE2\");\r",
							"\r",
							"console.log(JSON.parse(pm.request.body.raw));\r",
							"console.log(response);\r",
							"\r",
							"pm.test(\"Body matches string\", function () {\r",
							"    pm.expect(pm.response.json().data.coworkingspace).to.include(coworkingspace2);\r",
							"});\r",
							"\r",
							"\r",
							"pm.environment.set(\"USER_RESERVATION1\",pm.response.json().data._id)\r",
							"\r",
							"postman.setNextRequest(\"User Delete Own Reservation\");\r",
							""
						],
						"type": "text/javascript"
					}
				}
			],
			"request": {
				"auth": {
					"type": "bearer",
					"bearer": [
						{
							"key": "token",
							"value": "{{TOKEN}}",
							"type": "string"
						}
					]
				},
				"method": "PUT",
				"header": [],
				"body": {
					"mode": "raw",
					"raw": "{\r\n    \"timereservation\":\"21:00-00:00\",\r\n    \"coworkingspace\":\"{{COWORKINGSPACE2}}\"\r\n}",
					"options": {
						"raw": {
							"language": "json"
						}
					}
				},
				"url": {
					"raw": "{{URL}}/api/v1/reservations/:reservation_ID",
					"host": [
						"{{URL}}"
					],
					"path": [
						"api",
						"v1",
						"reservations",
						":reservation_ID"
					],
					"variable": [
						{
							"key": "reservation_ID",
							"value": "{{USER_RESERVATION1}}"
						}
					]
				}
			},
			"response": []
		},
		{
			"name": "User Delete Own Reservation",
			"event": [
				{
					"listen": "test",
					"script": {
						"exec": [
							"pm.test(\"Status code is 200\", function () {\r",
							"    pm.response.to.have.status(200);\r",
							"});\r",
							"\r",
							"const response = pm.response.json();\r",
							"\r",
							"console.log(response);\r",
							"\r",
							"postman.setNextRequest(\"User Log-out\");"
						],
						"type": "text/javascript"
					}
				}
			],
			"request": {
				"auth": {
					"type": "bearer",
					"bearer": [
						{
							"key": "token",
							"value": "{{TOKEN}}",
							"type": "string"
						}
					]
				},
				"method": "DELETE",
				"header": [],
				"url": {
					"raw": "{{URL}}/api/v1/reservations/:reservation_ID",
					"host": [
						"{{URL}}"
					],
					"path": [
						"api",
						"v1",
						"reservations",
						":reservation_ID"
					],
					"variable": [
						{
							"key": "reservation_ID",
							"value": "{{USER_RESERVATION1}}"
						}
					]
				}
			},
			"response": []
		},
		{
			"name": "User Log-out",
			"event": [
				{
					"listen": "test",
					"script": {
						"exec": [
							"pm.environment.set(\"TOKEN\",null)\r",
							"\r",
							"pm.test(\"Status code is 200\", function () {\r",
							"    pm.response.to.have.status(200);\r",
							"});\r",
							"\r",
							"const response = pm.response.json();\r",
							"\r",
							"console.log(response);\r",
							"\r",
							"postman.setNextRequest(\"Admin Log-in\");"
						],
						"type": "text/javascript"
					}
				}
			],
			"request": {
				"auth": {
					"type": "bearer",
					"bearer": [
						{
							"key": "token",
							"value": "{{TOKEN}}",
							"type": "string"
						}
					]
				},
				"method": "GET",
				"header": [],
				"url": {
					"raw": "{{URL}}/api/v1/auth/logout",
					"host": [
						"{{URL}}"
					],
					"path": [
						"api",
						"v1",
						"auth",
						"logout"
					]
				}
			},
			"response": []
		},
		{
			"name": "Admin Log-in",
			"event": [
				{
					"listen": "test",
					"script": {
						"exec": [
							"pm.environment.set(\"TOKEN\",pm.response.json().token)\r",
							"\r",
							"pm.test(\"Status code is 200\", function () {\r",
							"    pm.response.to.have.status(200);\r",
							"});\r",
							"\r",
							"const response = pm.response.json();\r",
							"\r",
							"console.log(JSON.parse(pm.request.body.raw));\r",
							"console.log(response);\r",
							"\r",
							"postman.setNextRequest(\"Get Logged in Admin with Token\");"
						],
						"type": "text/javascript"
					}
				}
			],
			"request": {
				"method": "POST",
				"header": [],
				"body": {
					"mode": "raw",
					"raw": "{\r\n    \"email\": \"{{ADMIN_EMAIL}}\",\r\n    \"password\" : \"{{ADMIN_PASSWORD}}\"\r\n}",
					"options": {
						"raw": {
							"language": "json"
						}
					}
				},
				"url": {
					"raw": "{{URL}}/api/v1/auth/login",
					"host": [
						"{{URL}}"
					],
					"path": [
						"api",
						"v1",
						"auth",
						"login"
					]
				}
			},
			"response": []
		},
		{
			"name": "Get Logged in Admin with Token",
			"event": [
				{
					"listen": "test",
					"script": {
						"exec": [
							"pm.test(\"Status code is 200\", function () {\r",
							"    pm.response.to.have.status(200);\r",
							"});\r",
							"const response = pm.response.json();\r",
							"\r",
							"console.log(response);\r",
							"\r",
							"postman.setNextRequest(\"Admin View Any Reservation\");\r",
							"\r",
							""
						],
						"type": "text/javascript"
					}
				}
			],
			"request": {
				"auth": {
					"type": "bearer",
					"bearer": [
						{
							"key": "token",
							"value": "{{TOKEN}}",
							"type": "string"
						}
					]
				},
				"method": "GET",
				"header": [],
				"url": {
					"raw": "{{URL}}/api/v1/auth/me",
					"host": [
						"{{URL}}"
					],
					"path": [
						"api",
						"v1",
						"auth",
						"me"
					]
				}
			},
			"response": []
		},
		{
			"name": "Admin View Any Reservation",
			"event": [
				{
					"listen": "test",
					"script": {
						"exec": [
							"pm.test(\"Status code is 200\", function () {\r",
							"    pm.response.to.have.status(200);\r",
							"});\r",
							"\r",
							"const response = pm.response.json();\r",
							"\r",
							"console.log(response);\r",
							"\r",
							"pm.test(\"There are some Coworkingspaces!!\",()=>{\r",
							"    pm.expect(response.count).to.be.gte(1);\r",
							"});\r",
							"\r",
							"postman.setNextRequest(\"Admin Edit Any Reservation\");"
						],
						"type": "text/javascript"
					}
				}
			],
			"request": {
				"auth": {
					"type": "bearer",
					"bearer": [
						{
							"key": "token",
							"value": "{{TOKEN}}",
							"type": "string"
						}
					]
				},
				"method": "GET",
				"header": [],
				"url": {
					"raw": "{{URL}}/api/v1/reservations",
					"host": [
						"{{URL}}"
					],
					"path": [
						"api",
						"v1",
						"reservations"
					]
				}
			},
			"response": []
		},
		{
			"name": "Admin Edit Any Reservation",
			"event": [
				{
					"listen": "test",
					"script": {
						"exec": [
							"pm.test(\"Status code is 200\", function () {\r",
							"    pm.response.to.have.status(200);\r",
							"});\r",
							"\r",
							"const response = pm.response.json();\r",
							"\r",
							"console.log(JSON.parse(pm.request.body.raw));\r",
							"console.log(response);\r",
							"\r",
							"postman.setNextRequest(\"Admin Delete Any Reservation\");"
						],
						"type": "text/javascript"
					}
				}
			],
			"request": {
				"auth": {
					"type": "bearer",
					"bearer": [
						{
							"key": "token",
							"value": "{{TOKEN}}",
							"type": "string"
						}
					]
				},
				"method": "PUT",
				"header": [],
				"body": {
					"mode": "raw",
					"raw": "{\r\n    \"timereservation\":\"09:00-10:00\",\r\n    \"coworkingspace\":\"{{COWORKINGSPACE1}}\"\r\n}",
					"options": {
						"raw": {
							"language": "json"
						}
					}
				},
				"url": {
					"raw": "{{URL}}/api/v1/reservations/:reservation_ID",
					"host": [
						"{{URL}}"
					],
					"path": [
						"api",
						"v1",
						"reservations",
						":reservation_ID"
					],
					"variable": [
						{
							"key": "reservation_ID",
							"value": "{{USER_RESERVATION2}}"
						}
					]
				}
			},
			"response": []
		},
		{
			"name": "Admin Delete Any Reservation",
			"event": [
				{
					"listen": "test",
					"script": {
						"exec": [
							"pm.test(\"Status code is 200\", function () {\r",
							"    pm.response.to.have.status(200);\r",
							"});\r",
							"\r",
							"const response = pm.response.json();\r",
							"\r",
							"console.log(response);\r",
							"\r",
							"postman.setNextRequest(\"Admin Delete Coworkingspace\");"
						],
						"type": "text/javascript"
					}
				}
			],
			"request": {
				"auth": {
					"type": "bearer",
					"bearer": [
						{
							"key": "token",
							"value": "{{TOKEN}}",
							"type": "string"
						}
					]
				},
				"method": "DELETE",
				"header": [],
				"url": {
					"raw": "{{URL}}/api/v1/reservations/:reservation_ID",
					"host": [
						"{{URL}}"
					],
					"path": [
						"api",
						"v1",
						"reservations",
						":reservation_ID"
					],
					"variable": [
						{
							"key": "reservation_ID",
							"value": "{{USER_RESERVATION2}}"
						}
					]
				}
			},
			"response": []
		},
		{
			"name": "Admin Delete Coworkingspace",
			"event": [
				{
					"listen": "test",
					"script": {
						"exec": [
							"pm.test(\"Status code is 200\", function () {\r",
							"    pm.response.to.have.status(200);\r",
							"});\r",
							"\r",
							"\r",
							"postman.setNextRequest(\"Admin Delete Coworkingspace2\");"
						],
						"type": "text/javascript"
					}
				}
			],
			"request": {
				"auth": {
					"type": "bearer",
					"bearer": [
						{
							"key": "token",
							"value": "{{TOKEN}}",
							"type": "string"
						}
					]
				},
				"method": "DELETE",
				"header": [],
				"url": {
					"raw": "{{URL}}/api/v1/coworkingspaces/:coworkingspace_ID",
					"host": [
						"{{URL}}"
					],
					"path": [
						"api",
						"v1",
						"coworkingspaces",
						":coworkingspace_ID"
					],
					"variable": [
						{
							"key": "coworkingspace_ID",
							"value": "{{COWORKINGSPACE1}}"
						}
					]
				}
			},
			"response": []
		},
		{
			"name": "Admin Delete Coworkingspace2",
			"event": [
				{
					"listen": "test",
					"script": {
						"exec": [
							"pm.test(\"Status code is 200\", function () {\r",
							"    pm.response.to.have.status(200);\r",
							"});\r",
							"\r",
							"postman.setNextRequest(null);"
						],
						"type": "text/javascript"
					}
				}
			],
			"request": {
				"auth": {
					"type": "bearer",
					"bearer": [
						{
							"key": "token",
							"value": "{{TOKEN}}",
							"type": "string"
						}
					]
				},
				"method": "DELETE",
				"header": [],
				"url": {
					"raw": "{{URL}}/api/v1/coworkingspaces/:coworkingspace_ID",
					"host": [
						"{{URL}}"
					],
					"path": [
						"api",
						"v1",
						"coworkingspaces",
						":coworkingspace_ID"
					],
					"variable": [
						{
							"key": "coworkingspace_ID",
							"value": "{{COWORKINGSPACE2}}"
						}
					]
				}
			},
			"response": []
		}
	],
	"event": [
		{
			"listen": "prerequest",
			"script": {
				"type": "text/javascript",
				"exec": [
					""
				]
			}
		},
		{
			"listen": "test",
			"script": {
				"type": "text/javascript",
				"exec": [
					""
				]
			}
		}
	],
	"variable": [
		{
			"key": "URL",
			"value": "localhost:5000",
			"type": "string"
		},
		{
			"key": "TOKEN",
			"value": "",
			"type": "string"
		}
	]
}